BTC,ETH,HBAR
1.0,0.8543987188986379,0.5532909216288658
0.8543987188986379,1.0,0.5567157343340101
0.5532909216288658,0.5567157343340101,1.0
