BTC,ETH,HBAR
0.0008189598903537393,0.000876229864816803,0.0008396565023341368
0.000876229864816803,0.001284258040535581,0.0010579775145821192
0.0008396565023341368,0.0010579775145821192,0.002812118322895077
